<?xml version="1.0" encoding="UTF-8"?>

<root-container name="idwf:qslRequestWorkflow" width="917" height="705">
  <node name="start" x="311" y="20" width="132" height="36">
    <edge>
      <label x="5" y="-10"/>
    </edge>
  </node>
  <node name="qslrequest" x="306" y="140" width="132" height="36">
    <edge>
      <label x="5" y="-10"/>
    </edge>
  </node>
  <node name="completed" x="299" y="439" width="132" height="36">
    <edge>
      <label x="5" y="-10"/>
    </edge>
  </node>
  <node name="end" x="403" y="625" width="132" height="36"/>
</root-container>
