<alfresco-config>

	<config evaluator="string-compare" condition="jbpm$prktm:PraktikumWorkflow">
		<forms>
			<form>
				<!-- Anzeigen von Feldern, hide ist auch moeglich -->
				<field-visibility>
					<show id="bpm:workflowDescription" />
					<show id="prktm:betreuer" />
					<show id="packageItems" />
					<show id="prktm:kommentar1" />
				</field-visibility>
				
				<appearance>
					<set id="" appearance="title" label="Anmeldung zum Praxisprojekt" />
				 	<field id="bpm:workflowDescription" label="Beschreibung"/>
					<field id="prktm:betreuer" label="Praktikumsbetreuer"/>
					<field id="packageItems" label="Anmeldung und Praktikumsvertrag"/>
					
					<field id="prktm:kommentar1" label="Kommentar">
						<control template="/org/alfresco/components/form/controls/textarea.ftl" >
							<control-param name="style">width: 100%</control-param>
						</control>
					</field>
				</appearance>
				 
			</form>
		</forms>
	</config>
	
	
	<config evaluator="task-type" condition="prktm:submitPraktikum">
		<forms>
			<form id="workflow-details">
				<field-visibility>
					<show id="message" />
					<show id="prktm:betreuer" />
					<show id="bpm:assignee" />
					<show id="packageItems" />
					<show id="prktm:kommentar1" />
				</field-visibility>
				<appearance>
					<set id="" appearance="title" label="Anmeldung zum Praxisprojekt" />
				 	<field id="bpm:workflowDescription" label="Beschreibung"/>
					<field id="prktm:betreuer" label="Praktikumsbetreuer"/>
					<field id="packageItems" label="Anmeldung und Praktikumsvertrag"/>
					
					<field id="prktm:kommentar1" label="Kommentar">
						<control template="/org/alfresco/components/form/controls/textarea.ftl" >
							<control-param name="style">width: 100%</control-param>
						</control>
					</field>
				</appearance>
			</form>
		</forms>
	</config>


	<config evaluator="task-type" condition="prktm:kontrolle1">
		<forms>
			<form>
				<field-visibility>
					<show id="prktm:betreuer" />
					<show id="packageItems" />
					<show id="prktm:kommentar1" />
					<show id="transitions" />
					<!-- <show id="prktm:kommentar1" /> -->
				</field-visibility>
				<appearance>
					<field id="message" label="Beschreibung"/>
					<field id="prktm:betreuer" label="Praktikumsbetreuer"/>
					<field id="packageItems" label="Anmeldung und Praktikumsvertrag"/>
					
					<field id="prktm:kommentar1" label="Nachricht an den Praktikumsbetreuer">
						<control template="/org/alfresco/components/form/controls/textarea.ftl" >
							<control-param name="style">width: 100%</control-param>
						</control>
					</field>
				</appearance>
			</form>
		</forms>
	</config>
	
	
	<config evaluator="task-type" condition="prktm:anmeldungEinreichen">
		<forms>
			<form>
				<field-visibility>
					<show id="prktm:betreuer" />
					<show id="message" />
					<show id="packageItems" />
					<show id="prktm:kommentar1" />
					<show id="transitions" />
				</field-visibility>
				<appearance>
				 	<field id="bpm:workflowDescription" label="Beschreibung"/>
					<field id="prktm:betreuer" label="Praktikumsbetreuer"/>
					<field id="packageItems" label="Anmeldung und Praktikumsvertrag"/>
					
					<field id="prktm:kommentar1" label="Kommentar">
						<control template="/org/alfresco/components/form/controls/textarea.ftl" >
							<control-param name="style">width: 100%</control-param>
						</control>
					</field>
				</appearance>
			</form>
		</forms>
	</config>
	
	
	<config evaluator="task-type" condition="prktm:genehmigungAnmeldung">
		<forms>
			<form>
				<field-visibility>
					<show id="message" />
					<show id="packageItems" />
					<show id="prktm:kommentar1" />
					<show id="transitions" />
				</field-visibility>
				<appearance>
				 	<field id="bpm:workflowDescription" label="Beschreibung"/>
					<field id="packageItems" label="Anmeldung und Praktikumsvertrag"/>
					
					<field id="prktm:kommentar1" label="Nachricht an den Studenten">
						<control template="/org/alfresco/components/form/controls/textarea.ftl" >
							<control-param name="style">width: 100%</control-param>
						</control>
					</field>
				</appearance>		
			</form>
		</forms>
	</config>
	
	
	<config evaluator="task-type" condition="prktm:berichtEinreichen">
		<forms>
			<form>
				<field-visibility>
					<show id="message" />
					<show id="packageItems" />
					<show id="prktm:kommentar1" />
					<show id="transitions" />
				</field-visibility>
				<appearance>
					<set id="" appearance="title" label="Einreichen des Praktikumsbericht" />
				 	<field id="bpm:workflowDescription" label="Beschreibung"/>
					<field id="packageItems" label="Praktikumsbericht und Laufzettel"/>
					
					<field id="prktm:kommentar1" label="Nachricht an den Praktikumsbetreuer">
						<control template="/org/alfresco/components/form/controls/textarea.ftl" >
							<control-param name="style">width: 100%</control-param>
						</control>
					</field>
				</appearance>	
			</form>
		</forms>
	</config>
	
	
	<config evaluator="task-type" condition="prktm:genehmigungBericht">
		<forms>
			<form>
				<field-visibility>
					<show id="message" />
					<show id="packageItems" />
					<show id="prktm:kommentar1" />
					<show id="transitions" />
				</field-visibility>
				<appearance>
				 	<field id="bpm:workflowDescription" label="Beschreibung"/>
					<field id="packageItems" label="Praktikumsbericht, Zeugnis und Laufzettel"/>
					
					<field id="prktm:kommentar1" label="Nachricht an den Studenten">
						<control template="/org/alfresco/components/form/controls/textarea.ftl" >
							<control-param name="style">width: 100%</control-param>
						</control>
					</field>
				</appearance>	
			</form>
		</forms>
	</config>
	
	
	<config evaluator="task-type" condition="prktm:praktikumCompleted">
		<forms>
			<form>
				<field-visibility>
					<show id="prktm:kommentar1" />
					<show id="packageItems" />
					<show id="transitions" />
				</field-visibility>
				<appearance>
					<field id="packageItems" label="Praktikumsbericht und Laufzettel"/>
					
					<field id="prktm:kommentar1" label="Nachricht">
						<control template="/org/alfresco/components/form/controls/textarea.ftl" >
							<control-param name="style">width: 100%</control-param>
						</control>
						<control template="/org/alfresco/components/form/controls/info.ftl" />
					</field>
				</appearance>
			</form>
		</forms>
	</config>

</alfresco-config>